dataset,split,relative_path,raw_source_paths_relative_to_RAW_ROOT,generated_sha256,canonical_historical_path,canonical_historical_hash,row_count,schema,byte_exact,semantic_exact,known_split_semantics
KETOD,train,ketod/train_full.csv,see raw_inventory.json,ff97ab62db5458dbf455a7d9264a7a1d9e66d85f6a5cc702cb3eff9422344fdb,LOCAL-ONLY oracle; see local_provenance manifest,ff97ab62db5458dbf455a7d9264a7a1d9e66d85f6a5cc702cb3eff9422344fdb,41939,"instruction,input,output",True,True,KETOD held-out=released test; DSTC9/DSTC11 held-out=released validation
KETOD,test,ketod/test_full.csv,see raw_inventory.json,83605331f5f4b8a8e8074e1686c765ea90990ddc982c93fbab8f6ad6dfbc57e7,LOCAL-ONLY oracle; see local_provenance manifest,83605331f5f4b8a8e8074e1686c765ea90990ddc982c93fbab8f6ad6dfbc57e7,4964,"instruction,input,output",True,True,KETOD held-out=released test; DSTC9/DSTC11 held-out=released validation
DSTC9,train,dstc9/train_dstc9.csv,see raw_inventory.json,d0e8b8888dc6a85a4542c240bcc3b5903acee5b0371b972a01ba9e3e0f11925d,LOCAL-ONLY oracle; see local_provenance manifest,d0e8b8888dc6a85a4542c240bcc3b5903acee5b0371b972a01ba9e3e0f11925d,71348,"input,output",True,True,KETOD held-out=released test; DSTC9/DSTC11 held-out=released validation
DSTC9,held-out,dstc9/test_dstc9.csv,see raw_inventory.json,14687a4ce72e8abf78c88c11a6ae0203bdfd5f5a328d690302b23cc89fca743f,LOCAL-ONLY oracle; see local_provenance manifest,14687a4ce72e8abf78c88c11a6ae0203bdfd5f5a328d690302b23cc89fca743f,9663,"input,output",True,True,KETOD held-out=released test; DSTC9/DSTC11 held-out=released validation
DSTC11,train,dstc11/train.csv,see raw_inventory.json,e7c6e55bd4f81086d76eea9a40ebaba5302b74132b9e22cf07631f64ab5fe744,LOCAL-ONLY oracle; see local_provenance manifest,e7c6e55bd4f81086d76eea9a40ebaba5302b74132b9e22cf07631f64ab5fe744,28431,"input,output",True,True,KETOD held-out=released test; DSTC9/DSTC11 held-out=released validation
DSTC11,held-out,dstc11/val.csv,see raw_inventory.json,508a09033ce6d143c11df946570219ac1441412a7ff1f4cce1acad74aa436520,LOCAL-ONLY oracle; see local_provenance manifest,508a09033ce6d143c11df946570219ac1441412a7ff1f4cce1acad74aa436520,4173,"input,output",True,True,KETOD held-out=released test; DSTC9/DSTC11 held-out=released validation
KETOD,train,ketod/train_features.csv,see raw_inventory.json,65a37d86bb275978e6f0508038aaf20809959e0452abe091f93a8a31b3a47d30,LOCAL-ONLY oracle; see local_provenance manifest,65a37d86bb275978e6f0508038aaf20809959e0452abe091f93a8a31b3a47d30,41939,"dialogue_id,turn_idx,turn_position_ratio,prev_sys_is_question,user_has_question,user_starts_question_word,user_turn_len_log,sys_turn_len_log,dialogue_len_log,consecutive_sys_turns,turn_len_ratio,turn_position_squared,label",True,True,KETOD held-out=released test; DSTC9/DSTC11 held-out=released validation
KETOD,test,ketod/test_features.csv,see raw_inventory.json,5c2de664480e662d0eda2d55e8622b00539e675852167b2482636a4344909f24,LOCAL-ONLY oracle; see local_provenance manifest,5c2de664480e662d0eda2d55e8622b00539e675852167b2482636a4344909f24,4964,"dialogue_id,turn_idx,turn_position_ratio,prev_sys_is_question,user_has_question,user_starts_question_word,user_turn_len_log,sys_turn_len_log,dialogue_len_log,consecutive_sys_turns,turn_len_ratio,turn_position_squared,label",True,True,KETOD held-out=released test; DSTC9/DSTC11 held-out=released validation
DSTC9,train,dstc9/train_features.csv,see raw_inventory.json,9dfa1159de400a5dad6014fea4baedbe240f77231e44d2138fba8f57f73e634e,LOCAL-ONLY oracle; see local_provenance manifest,9dfa1159de400a5dad6014fea4baedbe240f77231e44d2138fba8f57f73e634e,71348,"dialogue_id,turn_idx,turn_position_ratio,prev_sys_is_question,user_has_question,user_starts_question_word,user_turn_len_log,sys_turn_len_log,dialogue_len_log,consecutive_sys_turns,turn_len_ratio,turn_position_squared,label",True,True,KETOD held-out=released test; DSTC9/DSTC11 held-out=released validation
DSTC9,held-out,dstc9/test_features.csv,see raw_inventory.json,d7324a9d01eba6241964daea574f100bed766115ba4b24bbbc513435f1b56634,LOCAL-ONLY oracle; see local_provenance manifest,d7324a9d01eba6241964daea574f100bed766115ba4b24bbbc513435f1b56634,9663,"dialogue_id,turn_idx,turn_position_ratio,prev_sys_is_question,user_has_question,user_starts_question_word,user_turn_len_log,sys_turn_len_log,dialogue_len_log,consecutive_sys_turns,turn_len_ratio,turn_position_squared,label",True,True,KETOD held-out=released test; DSTC9/DSTC11 held-out=released validation
DSTC11,train,dstc11/train_features.csv,see raw_inventory.json,1d6718365f0617f7e11633e2d1ce51a07c8612866085d0fe67ef3a6649518e21,LOCAL-ONLY oracle; see local_provenance manifest,1d6718365f0617f7e11633e2d1ce51a07c8612866085d0fe67ef3a6649518e21,28431,"dialogue_id,turn_idx,turn_position_ratio,prev_sys_is_question,user_has_question,user_starts_question_word,user_turn_len_log,sys_turn_len_log,dialogue_len_log,consecutive_sys_turns,turn_len_ratio,turn_position_squared,label",True,True,KETOD held-out=released test; DSTC9/DSTC11 held-out=released validation
DSTC11,held-out,dstc11/test_features.csv,see raw_inventory.json,47756bf2144cd01d31b62f6e09624c83d0091d9329f42d6846920c5a3aefd6f3,LOCAL-ONLY oracle; see local_provenance manifest,47756bf2144cd01d31b62f6e09624c83d0091d9329f42d6846920c5a3aefd6f3,4173,"dialogue_id,turn_idx,turn_position_ratio,prev_sys_is_question,user_has_question,user_starts_question_word,user_turn_len_log,sys_turn_len_log,dialogue_len_log,consecutive_sys_turns,turn_len_ratio,turn_position_squared,label",True,True,KETOD held-out=released test; DSTC9/DSTC11 held-out=released validation
