train_on,test_on,published_macro_f1,rerun_macro_f1,diff_macro_f1,published_f1_pos,rerun_f1_pos,diff_f1_pos,published_roc_auc,rerun_roc_auc,diff_roc_auc,published_average_precision,rerun_average_precision,diff_average_precision,max_abs_diff,status_at_0.005_tolerance
KETOD,KETOD,0.5419,0.5419374566735988,3.745667359877913e-05,0.3267,0.3267477203647416,4.772036474165464e-05,0.7194,0.719447698585616,4.7698585615929545e-05,0.27,0.2700020022364485,2.002236448528372e-06,4.772036474165464e-05,PASS
KETOD,DSTC9,0.4199,0.4199472921251916,4.729212519166692e-05,0.2122,0.2121896162528216,-1.0383747178321912e-05,0.4628,0.462808100075625,8.100075625072645e-06,0.2356,0.2355809461688184,-1.905383118158688e-05,4.729212519166692e-05,PASS
KETOD,DSTC11,0.4273,0.4272531498730862,-4.685012691374446e-05,0.4241,0.4240963855421686,-3.614457831313533e-06,0.4119,0.411904631686734,4.631686734035689e-06,0.4399,0.4399412606237733,4.126062377335371e-05,4.685012691374446e-05,PASS
DSTC9,KETOD,0.5299,0.5298823716627347,-1.762833726537405e-05,0.2239,0.2238892094633583,-1.07905366416583e-05,0.4812,0.4811903122134593,-9.687786540701904e-06,0.1347,0.1347460080736097,4.6008073609771216e-05,4.6008073609771216e-05,PASS
DSTC9,DSTC9,0.7982,0.7981697310998336,-3.0268900166441348e-05,0.7398,0.7397699140818407,-3.0085918159339364e-05,0.9077,0.9077440274626732,4.402746267317959e-05,0.7126,0.7126451729149174,4.517291491734632e-05,4.517291491734632e-05,PASS
DSTC9,DSTC11,0.8359,0.8359479223973447,4.792239734474624e-05,0.8564,0.8563512361466326,-4.8763853367495e-05,0.9003,0.9003166825839057,1.6682583905747173e-05,0.8728,0.8728107331727065,1.073317270650076e-05,4.8763853367495e-05,PASS
DSTC11,KETOD,0.5264,0.5263626455134908,-3.735448650921125e-05,0.2089,0.2089187538179596,1.875381795968245e-05,0.4741,0.4741346676795448,3.466767954479755e-05,0.1341,0.1340907830998899,-9.216900110020632e-06,3.735448650921125e-05,PASS
DSTC11,DSTC9,0.8097,0.8096822182208423,-1.7781779157677313e-05,0.7422,0.742225072138506,2.507213850599932e-05,0.9064,0.9063963697805696,-3.63021943050601e-06,0.7039,0.7038695249883914,-3.047501160857724e-05,3.047501160857724e-05,PASS
DSTC11,DSTC11,0.8422,0.8421527518301712,-4.724816982870639e-05,0.8523,0.8522522522522522,-4.774774774773949e-05,0.9041,0.9041002822820448,2.822820448500352e-07,0.8696,0.8695801189331472,-1.9881066852800444e-05,4.774774774773949e-05,PASS
