feature_set,n_features,features,train_on,test_on,in_domain,best_C,source_cv_macro_f1,threshold,macro_f1,f1_pos,f1_neg,roc_auc,average_precision,predicted_positive_rate
full_10,10,turn_position_ratio;prev_sys_is_question;user_has_question;user_starts_question_word;user_turn_len_log;sys_turn_len_log;dialogue_len_log;consecutive_sys_turns;turn_len_ratio;turn_position_squared,KETOD,KETOD,True,10.0,0.5730949275772735,0.5,0.5419374566735988,0.3267477203647416,0.7571271929824561,0.719447698585616,0.2700020022364485,0.403102336825141
full_10,10,turn_position_ratio;prev_sys_is_question;user_has_question;user_starts_question_word;user_turn_len_log;sys_turn_len_log;dialogue_len_log;consecutive_sys_turns;turn_len_ratio;turn_position_squared,KETOD,DSTC9,False,10.0,0.5730949275772735,0.5,0.4199472921251916,0.2121896162528216,0.6277049679975617,0.462808100075625,0.2355809461688184,0.3652074924971541
full_10,10,turn_position_ratio;prev_sys_is_question;user_has_question;user_starts_question_word;user_turn_len_log;sys_turn_len_log;dialogue_len_log;consecutive_sys_turns;turn_len_ratio;turn_position_squared,KETOD,DSTC11,False,10.0,0.5730949275772735,0.5,0.4272531498730862,0.4240963855421686,0.4304099142040038,0.411904631686734,0.4399412606237733,0.4843038581356338
full_10,10,turn_position_ratio;prev_sys_is_question;user_has_question;user_starts_question_word;user_turn_len_log;sys_turn_len_log;dialogue_len_log;consecutive_sys_turns;turn_len_ratio;turn_position_squared,DSTC9,KETOD,False,0.1,0.7944949610149797,0.5,0.5298823716627347,0.2238892094633583,0.835875533862111,0.4811903122134593,0.1347460080736097,0.2219983883964544
full_10,10,turn_position_ratio;prev_sys_is_question;user_has_question;user_starts_question_word;user_turn_len_log;sys_turn_len_log;dialogue_len_log;consecutive_sys_turns;turn_len_ratio;turn_position_squared,DSTC9,DSTC9,True,0.1,0.7944949610149797,0.5,0.7981697310998336,0.7397699140818407,0.8565695481178265,0.9077440274626732,0.7126451729149174,0.4340266997826761
full_10,10,turn_position_ratio;prev_sys_is_question;user_has_question;user_starts_question_word;user_turn_len_log;sys_turn_len_log;dialogue_len_log;consecutive_sys_turns;turn_len_ratio;turn_position_squared,DSTC9,DSTC11,False,0.1,0.7944949610149797,0.5,0.8359479223973447,0.8563512361466326,0.8155446086480569,0.9003166825839057,0.8728107331727065,0.6141864366163432
full_10,10,turn_position_ratio;prev_sys_is_question;user_has_question;user_starts_question_word;user_turn_len_log;sys_turn_len_log;dialogue_len_log;consecutive_sys_turns;turn_len_ratio;turn_position_squared,DSTC11,KETOD,False,10.0,0.8505219393153235,0.5,0.5263626455134908,0.2089187538179596,0.8438065372090219,0.4741346676795448,0.1340907830998899,0.2026591458501208
full_10,10,turn_position_ratio;prev_sys_is_question;user_has_question;user_starts_question_word;user_turn_len_log;sys_turn_len_log;dialogue_len_log;consecutive_sys_turns;turn_len_ratio;turn_position_squared,DSTC11,DSTC9,False,10.0,0.8505219393153235,0.5,0.8096822182208423,0.742225072138506,0.8771393643031785,0.9063963697805696,0.7038695249883914,0.36893304356825
full_10,10,turn_position_ratio;prev_sys_is_question;user_has_question;user_starts_question_word;user_turn_len_log;sys_turn_len_log;dialogue_len_log;consecutive_sys_turns;turn_len_ratio;turn_position_squared,DSTC11,DSTC11,True,10.0,0.8505219393153235,0.5,0.8421527518301712,0.8522522522522522,0.8320532514080902,0.9041002822820448,0.8695801189331472,0.553798226695423
no_question_7,7,turn_position_ratio;user_turn_len_log;sys_turn_len_log;dialogue_len_log;consecutive_sys_turns;turn_len_ratio;turn_position_squared,KETOD,KETOD,True,10.0,0.5691931150156463,0.5,0.5351153180572397,0.3207476635514019,0.7494829725630774,0.7115729614212675,0.2673492596594611,0.4117647058823529
no_question_7,7,turn_position_ratio;user_turn_len_log;sys_turn_len_log;dialogue_len_log;consecutive_sys_turns;turn_len_ratio;turn_position_squared,KETOD,DSTC9,False,10.0,0.5691931150156463,0.5,0.3775015261726752,0.1080291970802919,0.6469738552650585,0.396654699380816,0.2152229999408439,0.2904894960157301
no_question_7,7,turn_position_ratio;user_turn_len_log;sys_turn_len_log;dialogue_len_log;consecutive_sys_turns;turn_len_ratio;turn_position_squared,KETOD,DSTC11,False,10.0,0.5691931150156463,0.5,0.3774545770873483,0.3118135547816769,0.4430955993930197,0.3449157290202671,0.4043243457234916,0.3843757488617301
no_question_7,7,turn_position_ratio;user_turn_len_log;sys_turn_len_log;dialogue_len_log;consecutive_sys_turns;turn_len_ratio;turn_position_squared,DSTC9,KETOD,False,0.01,0.5483033012950956,0.5,0.3484256878431678,0.1794941528419907,0.5173572228443449,0.4061212681360713,0.0994230366568859,0.6136180499597099
no_question_7,7,turn_position_ratio;user_turn_len_log;sys_turn_len_log;dialogue_len_log;consecutive_sys_turns;turn_len_ratio;turn_position_squared,DSTC9,DSTC9,True,0.01,0.5483033012950956,0.5,0.5471375574065873,0.4987253765932792,0.5955497382198953,0.653242593903856,0.3445142936119091,0.6164752147366243
no_question_7,7,turn_position_ratio;user_turn_len_log;sys_turn_len_log;dialogue_len_log;consecutive_sys_turns;turn_len_ratio;turn_position_squared,DSTC9,DSTC11,False,0.01,0.5483033012950956,0.5,0.6710611882944133,0.7185929648241206,0.6235294117647059,0.7324225195074267,0.6880105749100253,0.6343158399233165
no_question_7,7,turn_position_ratio;user_turn_len_log;sys_turn_len_log;dialogue_len_log;consecutive_sys_turns;turn_len_ratio;turn_position_squared,DSTC11,KETOD,False,1.0,0.6957081348938607,0.5,0.3247732804441791,0.1815392482740987,0.4680073126142596,0.3932004887856179,0.0973137427517322,0.660757453666398
no_question_7,7,turn_position_ratio;user_turn_len_log;sys_turn_len_log;dialogue_len_log;consecutive_sys_turns;turn_len_ratio;turn_position_squared,DSTC11,DSTC9,False,1.0,0.6957081348938607,0.5,0.559553764465576,0.4858953647321983,0.6332121641989538,0.6416436927961329,0.3297145701356776,0.5561419848908207
no_question_7,7,turn_position_ratio;user_turn_len_log;sys_turn_len_log;dialogue_len_log;consecutive_sys_turns;turn_len_ratio;turn_position_squared,DSTC11,DSTC11,True,1.0,0.6957081348938607,0.5,0.6856615752454792,0.7178260869565217,0.6534970635344367,0.7428265569403604,0.6764836195264611,0.5921399472801342
