train_on,test_on,full_best_C,full_macro_f1,full_f1_pos,full_f1_neg,full_roc_auc,full_average_precision,full_predicted_positive_rate,noq_best_C,noq_macro_f1,noq_f1_pos,noq_f1_neg,noq_roc_auc,noq_average_precision,noq_predicted_positive_rate,delta_noq_minus_full_macro_f1,delta_noq_minus_full_f1_pos,delta_noq_minus_full_f1_neg,delta_noq_minus_full_roc_auc,delta_noq_minus_full_average_precision,delta_noq_minus_full_predicted_positive_rate
KETOD,KETOD,10.0,0.5419374566735988,0.3267477203647416,0.7571271929824561,0.719447698585616,0.2700020022364485,0.403102336825141,10.0,0.5351153180572397,0.3207476635514019,0.7494829725630774,0.7115729614212675,0.2673492596594611,0.4117647058823529,-0.0068221386163591,-0.0060000568133397,-0.0076442204193787,-0.0078747371643485,-0.0026527425769873,0.0086623690572119
KETOD,DSTC9,10.0,0.4199472921251916,0.2121896162528216,0.6277049679975617,0.462808100075625,0.2355809461688184,0.3652074924971541,10.0,0.3775015261726752,0.1080291970802919,0.6469738552650585,0.396654699380816,0.2152229999408439,0.2904894960157301,-0.0424457659525164,-0.1041604191725297,0.0192688872674967,-0.066153400694809,-0.0203579462279744,-0.074717996481424
KETOD,DSTC11,10.0,0.4272531498730862,0.4240963855421686,0.4304099142040038,0.411904631686734,0.4399412606237733,0.4843038581356338,10.0,0.3774545770873483,0.3118135547816769,0.4430955993930197,0.3449157290202671,0.4043243457234916,0.3843757488617301,-0.0497985727857379,-0.1122828307604917,0.0126856851890159,-0.0669889026664669,-0.0356169149002817,-0.0999281092739036
DSTC9,KETOD,0.1,0.5298823716627347,0.2238892094633583,0.835875533862111,0.4811903122134593,0.1347460080736097,0.2219983883964544,0.01,0.3484256878431678,0.1794941528419907,0.5173572228443449,0.4061212681360713,0.0994230366568859,0.6136180499597099,-0.1814566838195668,-0.0443950566213675,-0.318518311017766,-0.0750690440773879,-0.0353229714167238,0.3916196615632554
DSTC9,DSTC9,0.1,0.7981697310998336,0.7397699140818407,0.8565695481178265,0.9077440274626732,0.7126451729149174,0.4340266997826761,0.01,0.5471375574065873,0.4987253765932792,0.5955497382198953,0.653242593903856,0.3445142936119091,0.6164752147366243,-0.2510321736932462,-0.2410445374885614,-0.2610198098979311,-0.2545014335588171,-0.3681308793030082,0.1824485149539481
DSTC9,DSTC11,0.1,0.8359479223973447,0.8563512361466326,0.8155446086480569,0.9003166825839057,0.8728107331727065,0.6141864366163432,0.01,0.6710611882944133,0.7185929648241206,0.6235294117647059,0.7324225195074267,0.6880105749100253,0.6343158399233165,-0.1648867341029314,-0.1377582713225119,-0.192015196883351,-0.167894163076479,-0.1848001582626812,0.0201294033069733
DSTC11,KETOD,10.0,0.5263626455134908,0.2089187538179596,0.8438065372090219,0.4741346676795448,0.1340907830998899,0.2026591458501208,1.0,0.3247732804441791,0.1815392482740987,0.4680073126142596,0.3932004887856179,0.0973137427517322,0.660757453666398,-0.2015893650693116,-0.0273795055438609,-0.3757992245947623,-0.0809341788939269,-0.0367770403481577,0.4580983078162771
DSTC11,DSTC9,10.0,0.8096822182208423,0.742225072138506,0.8771393643031785,0.9063963697805696,0.7038695249883914,0.36893304356825,1.0,0.559553764465576,0.4858953647321983,0.6332121641989538,0.6416436927961329,0.3297145701356776,0.5561419848908207,-0.2501284537552662,-0.2563297074063076,-0.2439272001042247,-0.2647526769844366,-0.3741549548527138,0.1872089413225706
DSTC11,DSTC11,10.0,0.8421527518301712,0.8522522522522522,0.8320532514080902,0.9041002822820448,0.8695801189331472,0.553798226695423,1.0,0.6856615752454792,0.7178260869565217,0.6534970635344367,0.7428265569403604,0.6764836195264611,0.5921399472801342,-0.156491176584692,-0.1344261652957304,-0.1785561878736534,-0.1612737253416845,-0.1930964994066861,0.0383417205847111
