train_on,test_on,calibration,threshold_objective,threshold,best_C,source_nested_oof_fold_Cs,source_cv_macro_f1,calibration_dev_macro_f1,calibration_dev_f1_pos,source_train_positive_rate,target_dev_positive_rate,target_test_positive_rate,macro_f1,f1_pos,f1_neg,roc_auc,average_precision,predicted_positive_rate
KETOD,DSTC9,default_0.5,fixed,0.5,10.0,10.0;10.0;10.0,0.5730949275772735,,,0.1197215002742077,0.2688792958457139,0.276622167028873,0.4199472921251916,0.2121896162528216,0.6277049679975617,0.462808100075625,0.2355809461688184,0.3652074924971541
KETOD,DSTC9,source_oof_macro,macro_f1,0.6946631021453532,10.0,10.0;10.0;10.0,0.5730949275772735,0.6375420140225647,0.3758469851616777,0.1197215002742077,0.2688792958457139,0.276622167028873,0.4089781627188499,0.0474413646055437,0.7705149608321562,0.462808100075625,0.2355809461688184,0.1116630446031253
KETOD,DSTC9,target_dev_macro,macro_f1,0.3765194427837298,10.0,10.0;10.0;10.0,0.5730949275772735,0.4400019401360543,0.3232820440179188,0.1197215002742077,0.2688792958457139,0.276622167028873,0.4491834771185005,0.3460656990068755,0.5523012552301255,0.462808100075625,0.2355809461688184,0.5361688916485563
KETOD,DSTC11,default_0.5,fixed,0.5,10.0,10.0;10.0;10.0,0.5730949275772735,,,0.1197215002742077,0.5194330132601738,0.510184519530314,0.4272531498730862,0.4240963855421686,0.4304099142040038,0.411904631686734,0.4399412606237733,0.4843038581356338
KETOD,DSTC11,source_oof_macro,macro_f1,0.6946631021453532,10.0,10.0;10.0;10.0,0.5730949275772735,0.6375420140225647,0.3758469851616777,0.1197215002742077,0.5194330132601738,0.510184519530314,0.3739088983216547,0.1580102414045354,0.589807555238774,0.411904631686734,0.4399412606237733,0.1449796309609393
KETOD,DSTC11,target_dev_macro,macro_f1,0.4044813942525571,10.0,10.0;10.0;10.0,0.5730949275772735,0.4177339864298188,0.5190688756403727,0.1197215002742077,0.5194330132601738,0.510184519530314,0.4319057008690553,0.5157652954687826,0.3480461062693281,0.411904631686734,0.4399412606237733,0.6374311047208243
DSTC9,KETOD,default_0.5,fixed,0.5,0.1,0.01;1.0;0.01,0.7944949610149797,,,0.2688792958457139,0.1197215002742077,0.1271152296535052,0.5298823716627347,0.2238892094633583,0.835875533862111,0.4811903122134593,0.1347460080736097,0.2219983883964544
DSTC9,KETOD,source_oof_macro,macro_f1,0.5959443484535779,0.1,0.01;1.0;0.01,0.7944949610149797,0.8102055432357398,0.7427714248445585,0.2688792958457139,0.1197215002742077,0.1271152296535052,0.5281938756729397,0.216824644549763,0.8395631067961165,0.4811903122134593,0.1347460080736097,0.2129331184528606
DSTC9,KETOD,target_dev_macro,macro_f1,0.3066562648877134,0.1,0.01;1.0;0.01,0.7944949610149797,0.4951991618343443,0.1757371087154176,0.2688792958457139,0.1197215002742077,0.1271152296535052,0.529976981422928,0.2268859897901304,0.8330679730557257,0.4811903122134593,0.1347460080736097,0.2280419016921837
DSTC9,DSTC11,default_0.5,fixed,0.5,0.1,0.01;1.0;0.01,0.7944949610149797,,,0.2688792958457139,0.5194330132601738,0.510184519530314,0.8359479223973447,0.8563512361466326,0.8155446086480569,0.9003166825839057,0.8728107331727065,0.6141864366163432
DSTC9,DSTC11,source_oof_macro,macro_f1,0.5959443484535779,0.1,0.01;1.0;0.01,0.7944949610149797,0.8102055432357398,0.7427714248445585,0.2688792958457139,0.5194330132601738,0.510184519530314,0.8343611933311414,0.8437287366749829,0.8249936499873,0.9003166825839057,0.8728107331727065,0.5463695183321352
DSTC9,DSTC11,target_dev_macro,macro_f1,0.5791292619810532,0.1,0.01;1.0;0.01,0.7944949610149797,0.841308398748555,0.855826243877288,0.2688792958457139,0.5194330132601738,0.510184519530314,0.8366428248096962,0.8486607142857143,0.8246249353336782,0.9003166825839057,0.8728107331727065,0.5633836568416007
DSTC11,KETOD,default_0.5,fixed,0.5,10.0,0.1;0.01;0.1,0.8505219393153235,,,0.5194330132601738,0.1197215002742077,0.1271152296535052,0.5263626455134908,0.2089187538179596,0.8438065372090219,0.4741346676795448,0.1340907830998899,0.2026591458501208
DSTC11,KETOD,source_oof_macro,macro_f1,0.4995743611062131,10.0,0.1;0.01;0.1,0.8505219393153235,0.850400976694924,0.8632240507969419,0.5194330132601738,0.1197215002742077,0.1271152296535052,0.5263626455134908,0.2089187538179596,0.8438065372090219,0.4741346676795448,0.1340907830998899,0.2026591458501208
DSTC11,KETOD,target_dev_macro,macro_f1,0.6694352586480279,10.0,0.1;0.01;0.1,0.8505219393153235,0.4968852905002527,0.1373548333194084,0.5194330132601738,0.1197215002742077,0.1271152296535052,0.5240469764439131,0.1763826606875934,0.8717112922002328,0.4741346676795448,0.1340907830998899,0.1424254633360193
DSTC11,DSTC9,default_0.5,fixed,0.5,10.0,0.1;0.01;0.1,0.8505219393153235,,,0.5194330132601738,0.2688792958457139,0.276622167028873,0.8096822182208423,0.742225072138506,0.8771393643031785,0.9063963697805696,0.7038695249883914,0.36893304356825
DSTC11,DSTC9,source_oof_macro,macro_f1,0.4995743611062131,10.0,0.1;0.01;0.1,0.8505219393153235,0.850400976694924,0.8632240507969419,0.5194330132601738,0.2688792958457139,0.276622167028873,0.8095093973419576,0.7420698494072413,0.8769489452766738,0.9063963697805696,0.7038695249883914,0.3693469936872607
DSTC11,DSTC9,target_dev_macro,macro_f1,0.5031534175277376,10.0,0.1;0.01;0.1,0.8505219393153235,0.812062424854994,0.7426908379987559,0.5194330132601738,0.2688792958457139,0.276622167028873,0.8103418919588632,0.7427652733118971,0.8779185106058294,0.9063963697805696,0.7038695249883914,0.367070268032702
