"relative_path","rows","columns","split_note"
"data/ketod/train_full.csv","41939","instruction,input,output","KETOD train processed text"
"data/ketod/test_full.csv","4964","instruction,input,output","KETOD held-out test processed text"
"data/ketod/train_features.csv","41939","dialogue_id,turn_idx,turn_position_ratio,prev_sys_is_question,user_has_question,user_starts_question_word,user_turn_len_log,sys_turn_len_log,dialogue_len_log,consecutive_sys_turns,turn_len_ratio,turn_position_squared,label","KETOD train structural features"
"data/ketod/test_features.csv","4964","dialogue_id,turn_idx,turn_position_ratio,prev_sys_is_question,user_has_question,user_starts_question_word,user_turn_len_log,sys_turn_len_log,dialogue_len_log,consecutive_sys_turns,turn_len_ratio,turn_position_squared,label","KETOD held-out test structural features"
"data/dstc9/train_dstc9.csv","71348","input,output","DSTC9 train processed text"
"data/dstc9/test_dstc9.csv","9663","input,output","DSTC9 released validation processed text"
"data/dstc9/train_features.csv","71348","dialogue_id,turn_idx,turn_position_ratio,prev_sys_is_question,user_has_question,user_starts_question_word,user_turn_len_log,sys_turn_len_log,dialogue_len_log,consecutive_sys_turns,turn_len_ratio,turn_position_squared,label","DSTC9 train structural features"
"data/dstc9/test_features.csv","9663","dialogue_id,turn_idx,turn_position_ratio,prev_sys_is_question,user_has_question,user_starts_question_word,user_turn_len_log,sys_turn_len_log,dialogue_len_log,consecutive_sys_turns,turn_len_ratio,turn_position_squared,label","DSTC9 released validation structural features"
"data/dstc11/train.csv","28431","input,output","DSTC11 train processed text"
"data/dstc11/val.csv","4173","input,output","DSTC11 released validation processed text"
"data/dstc11/train_features.csv","28431","dialogue_id,turn_idx,turn_position_ratio,prev_sys_is_question,user_has_question,user_starts_question_word,user_turn_len_log,sys_turn_len_log,dialogue_len_log,consecutive_sys_turns,turn_len_ratio,turn_position_squared,label","DSTC11 train structural features"
"data/dstc11/test_features.csv","4173","dialogue_id,turn_idx,turn_position_ratio,prev_sys_is_question,user_has_question,user_starts_question_word,user_turn_len_log,sys_turn_len_log,dialogue_len_log,consecutive_sys_turns,turn_len_ratio,turn_position_squared,label","DSTC11 released validation structural features"
