model,train_on,test_on,in_domain,threshold,macro_f1,pos_f1,neg_f1,roc_auc,average_precision,target_rows,raw_exact_overlap_rows,raw_exact_overlap_rate,tokenized_input_overlap_rows,tokenized_input_overlap_rate,max_len,truncation_side,epochs,batch_size,learning_rate,seed,raw_nonoverlap_rows,raw_nonoverlap_macro_f1,raw_nonoverlap_pos_f1,raw_nonoverlap_neg_f1,raw_nonoverlap_roc_auc,raw_nonoverlap_average_precision,model_input_nonoverlap_rows,model_input_nonoverlap_macro_f1,model_input_nonoverlap_pos_f1,model_input_nonoverlap_neg_f1,model_input_nonoverlap_roc_auc,model_input_nonoverlap_average_precision
BERT,KETOD,KETOD,True,0.5,0.7193669142222412,0.5241561879549967,0.9145776404894855,0.851106186517578,0.4863281597784536,4964,44,0.008863819500402902,44,0.008863819500402902,256,left,3,32,2e-05,42,4920,0.7196325947960692,0.5251989389920424,0.914066250600096,0.8517579775616432,0.4881270885811371,4920,0.7196325947960692,0.5251989389920424,0.914066250600096,0.8517579775616432,0.4881270885811371
BERT,KETOD,DSTC9,False,0.5,0.39428526455118024,0.01072234762979684,0.7778481814725636,0.43286245595894296,0.2244494982084537,9663,1,0.0001034875297526648,2,0.0002069750595053296,256,left,3,32,2e-05,42,9662,0.39427118648916964,0.01072234762979684,0.7778200253485424,0.43282975218874487,0.22446322527431337,9661,0.39425710485812315,0.01072234762979684,0.7777918620864495,0.4327994481909129,0.22447769236728554
BERT,KETOD,DSTC11,False,0.5,0.3177650342015552,0.03215169002473207,0.6033783783783784,0.43447053503064104,0.4320478037027776,4173,0,0.0,0,0.0,256,left,3,32,2e-05,42,4173,0.3177650342015552,0.03215169002473207,0.6033783783783784,0.43447053503064104,0.4320478037027776,4173,0.3177650342015552,0.03215169002473207,0.6033783783783784,0.43447053503064104,0.4320478037027776
BERT,DSTC9,KETOD,False,0.5,0.4771530586115097,0.03783102143757881,0.9164750957854406,0.5264007873822795,0.137624267674965,4964,2,0.00040290088638195,2,0.00040290088638195,256,left,3,32,2e-05,42,4962,0.47713476381264547,0.03783102143757881,0.9164385061877122,0.5263800464055801,0.13765379451710236,4962,0.47713476381264547,0.03783102143757881,0.9164385061877122,0.5263800464055801,0.13765379451710236
BERT,DSTC9,DSTC9,True,0.5,0.9932438101470797,0.9901960784313726,0.996291541862787,0.9999082650807336,0.999765037473766,9663,155,0.016040567111663045,160,0.01655800476042637,256,left,3,32,2e-05,42,9508,0.9932018898574599,0.9901960784313726,0.9962077012835473,0.9999062395063371,0.9997651601147662,9503,0.9932005060088551,0.9901960784313726,0.9962049335863378,0.9999061708676154,0.9997651601147663
BERT,DSTC9,DSTC11,False,0.5,0.6966466983235955,0.6176279974076474,0.7756653992395437,0.9882233879544342,0.9876885602051666,4173,663,0.1588785046728972,910,0.21806853582554517,256,left,3,32,2e-05,42,3510,0.6560519845398805,0.6034308779011099,0.7086730911786508,0.9863951971045156,0.9890962276918501,3263,0.6357993117341181,0.6034308779011099,0.6681677455671263,0.9866874791308042,0.9908620844573839
BERT,DSTC11,KETOD,False,0.5,0.47614607485944255,0.04062126642771804,0.9116708832911671,0.4976072766294713,0.12972254822973098,4964,0,0.0,0,0.0,256,left,3,32,2e-05,42,4964,0.47614607485944255,0.04062126642771804,0.9116708832911671,0.4976072766294713,0.12972254822973098,4964,0.47614607485944255,0.04062126642771804,0.9116708832911671,0.4976072766294713,0.12972254822973098
BERT,DSTC11,DSTC9,False,0.5,0.828954059566769,0.735934664246824,0.921973454886714,0.9504042170231966,0.9052410596363875,9663,536,0.055469315947428335,718,0.07430404636241333,256,left,3,32,2e-05,42,9127,0.8209110622924025,0.724822695035461,0.916999429549344,0.946603890717705,0.9001796532806716,8945,0.8198051981765885,0.724822695035461,0.9147877013177159,0.9459321946867596,0.9008813565911984
BERT,DSTC11,DSTC11,True,0.5,0.998082226657555,0.9981185324553151,0.9980459208597948,0.9999342781953435,0.999939971877508,4173,764,0.18308171579199617,765,0.1833213515456506,256,left,3,32,2e-05,42,3409,0.9975004197740333,0.9981185324553151,0.9968823070927514,0.999935782644434,0.9999622864364689,3408,0.9974992038251614,0.9981185324553151,0.9968798751950078,0.9999357324353992,0.999962286436469
