model,train_on,test_on,in_domain,best_C,source_cv_macro_f1,threshold,macro_f1,pos_f1,neg_f1,roc_auc,average_precision,target_rows,raw_exact_overlap_rows,raw_exact_overlap_rate,tokenized_input_overlap_rows,tokenized_input_overlap_rate,max_len,truncation_side,seed,raw_nonoverlap_rows,raw_nonoverlap_macro_f1,raw_nonoverlap_pos_f1,raw_nonoverlap_neg_f1,raw_nonoverlap_roc_auc,raw_nonoverlap_average_precision,model_input_nonoverlap_rows,model_input_nonoverlap_macro_f1,model_input_nonoverlap_pos_f1,model_input_nonoverlap_neg_f1,model_input_nonoverlap_roc_auc,model_input_nonoverlap_average_precision
all-MiniLM-L6-v2+LR,KETOD,KETOD,True,0.1,0.6130416099586027,0.5,0.5876277240882785,0.35435992578849723,0.8208955223880597,0.7322102919290756,0.2916678270804366,4964,44,0.008863819500402902,44,0.008863819500402902,256,left,42,4920,0.587557383494118,0.3553488372093023,0.8197659297789337,0.7321531848928452,0.29245437918606254,4920,0.587557383494118,0.3553488372093023,0.8197659297789337,0.7321531848928452,0.29245437918606254
all-MiniLM-L6-v2+LR,KETOD,DSTC9,False,0.1,0.6130416099586027,0.5,0.46991580959195545,0.22113884555382216,0.7186927736300888,0.4731145503677693,0.24890030373082497,9663,1,0.0001034875297526648,2,0.0002069750595053296,256,left,42,9662,0.46989599364194345,0.22113884555382216,0.7186531417300648,0.4731178496142487,0.2489225397332215,9661,0.4698761721076142,0.22113884555382216,0.7186134986614062,0.47311001425992205,0.24894055158936657
all-MiniLM-L6-v2+LR,KETOD,DSTC11,False,0.1,0.6130416099586027,0.5,0.35401446760335803,0.11608497723823975,0.5919439579684763,0.42049752784904026,0.43908480756310014,4173,0,0.0,0,0.0,256,left,42,4173,0.35401446760335803,0.11608497723823975,0.5919439579684763,0.42049752784904026,0.43908480756310014,4173,0.35401446760335803,0.11608497723823975,0.5919439579684763,0.42049752784904026,0.43908480756310014
all-MiniLM-L6-v2+LR,DSTC9,KETOD,False,1.0,0.7315599233070779,0.5,0.4660605184220105,0.13982392542723976,0.7922971114167813,0.44137809454805066,0.1121303220404715,4964,2,0.00040290088638195,2,0.00040290088638195,256,left,42,4962,0.4660085472250674,0.13982392542723976,0.792193169022895,0.44117318809847994,0.11213647656346776,4962,0.4660085472250674,0.13982392542723976,0.792193169022895,0.44117318809847994,0.11213647656346776
all-MiniLM-L6-v2+LR,DSTC9,DSTC9,True,1.0,0.7315599233070779,0.5,0.7409470673869684,0.6559901447489991,0.8259039900249376,0.8621214529655159,0.6955630011410977,9663,155,0.016040567111663045,160,0.01655800476042637,256,left,42,9508,0.7397680814351534,0.6570018507094386,0.8225343121608681,0.8599531854347753,0.6969132207468794,9503,0.7396972198763612,0.6570018507094386,0.8223925890432838,0.8598506621444642,0.6969132207468794
all-MiniLM-L6-v2+LR,DSTC9,DSTC11,False,1.0,0.7315599233070779,0.5,0.6293177557350078,0.5641174760104681,0.6945180354595476,0.7571482803407239,0.738420123658208,4173,663,0.1588785046728972,910,0.21806853582554517,256,left,42,3510,0.5856822720948641,0.5607759927250682,0.6105885514646601,0.6999955697799927,0.7532873314116889,3263,0.5684942365764941,0.5678330263965623,0.5691554467564259,0.6921558568284009,0.7835056972272145
all-MiniLM-L6-v2+LR,DSTC11,KETOD,False,1.0,0.8734389364128236,0.5,0.39864215431570155,0.13491209185504127,0.6623722167763618,0.4013447822208438,0.10357528123813578,4964,0,0.0,0,0.0,256,left,42,4964,0.39864215431570155,0.13491209185504127,0.6623722167763618,0.4013447822208438,0.10357528123813578,4964,0.39864215431570155,0.13491209185504127,0.6623722167763618,0.4013447822208438,0.10357528123813578
all-MiniLM-L6-v2+LR,DSTC11,DSTC9,False,1.0,0.8734389364128236,0.5,0.592605676802568,0.46296296296296297,0.722248390642173,0.6755849171522355,0.39904803825826973,9663,536,0.055469315947428335,718,0.07430404636241333,256,left,42,9127,0.5779998106506791,0.4517742691886822,0.704225352112676,0.6540481307511301,0.3865684474577684,8945,0.5756186691929126,0.45354676710608915,0.6976905712797361,0.6506139507243006,0.3893244736046332
all-MiniLM-L6-v2+LR,DSTC11,DSTC11,True,1.0,0.8734389364128236,0.5,0.873077323114129,0.8775179439685112,0.8686367022597468,0.9492237013968873,0.9496286921066492,4173,764,0.18308171579199617,765,0.1833213515456506,256,left,42,3409,0.8653034556609667,0.8974662562159602,0.833140655105973,0.946394287224049,0.9644491415271786,3408,0.8652391057400666,0.8974662562159602,0.8330119552641728,0.9463523750170308,0.9644491415271786
